<?xml version="1.0" encoding="UTF-8"?>
<navigation>
      <action name="/2.0/test">
    	<method>get</method>
    	<command>#restCommonCmd</command>  
    	<tran-id>UBD1000340</tran-id>
    	<attribute>body</attribute>
    </action>
    
    <!-- 계정 목록 조회 -->
    <action name="/loans">
    	<method>get</method>
    	<command>#restCommonCmd</command>
    	<tran-id>UBD0101340</tran-id>
    	<attribute>body</attribute>
    </action>   
        
    <!-- 대출상품 계좌 기본정보 조회-->
    <action name="/loans/basic">
    	<method>post</method>
    	<command>#restCommonCmd</command>  
    	<tran-id>UBD2000240</tran-id>
    	<attribute>body</attribute>
    </action>
    
    <!-- 대출상품 계좌 추가정보 조회-->
    <action name="/loans/detail">
    	<method>post</method>
    	<command>#restCommonCmd</command>  
    	<tran-id>UBD0101540</tran-id>
    	<attribute>body</attribute>
    </action>
    
    <!-- 대출상품 계좌 거래내역 조회-->
    <action name="/loans/transactions">
    	<method>post</method>
    	<command>#restCommonCmd</command>  
    	<tran-id>UBD0101640</tran-id>
    	<attribute>body</attribute>
    </action>
</navigation>