<?xml version="1.0" encoding="UTF-8"?>
<navigation>

     <action name="/loans">
    	<method>get</method>
    	<command>#restCommonCmd</command>
    	<tran-id>UBD1000940</tran-id>
    	<attribute>body</attribute>
    </action>

    <action name="/2.0/test">
    	<method>get</method>
    	<command>#restCommonCmd</command>  
    	<tran-id>UBD1000340</tran-id>
    	<attribute>body</attribute>
    </action>
    
    <action name="/cards">
    	<method>get</method>
    	<command>#restCommonCmd</command>
    	<tran-id>UBD1000140</tran-id>
    	<attribute>body</attribute>
    </action>     

    <action name="/cards/bills">
    	<method>get</method>
    	<command>#restCommonCmd</command>
    	<tran-id>UBD0100440</tran-id>
    	<attribute>body</attribute>
    </action>

    <action name="/cards/bills/detail">
    	<method>get</method>
    	<command>#restCommonCmd</command>
    	<tran-id>UBD0100540</tran-id>
    	<attribute>body</attribute>
    </action>
    
    <action name="/cards/payment">
    	<method>get</method>
    	<command>#restCommonCmd</command>
    	<tran-id>UBD0100640</tran-id>
    	<attribute>body</attribute>
    </action>

    <action name="/cards/point">
    	<method>get</method>
    	<command>#restCommonCmd</command>
    	<tran-id>UBD1000340</tran-id>
    	<attribute>body</attribute>
    </action>

    <action name="/cards/{card_id}">
    	<method>get</method>
    	<command>#restCommonCmd</command>
    	<tran-id>UBD1000240</tran-id>
    	<attribute>body</attribute>
    </action>

    <action name="/loans/short-term">
    	<method>get</method>
    	<command>#restCommonCmd</command>
    	<tran-id>UBD0101140</tran-id>
    	<attribute>body</attribute>
    </action>
    
    <action name="/loans/long-term">
    	<method>get</method>
    	<command>#restCommonCmd</command>
    	<tran-id>UBD0101240</tran-id>
    	<attribute>body</attribute>
    </action>
    
    <action name="/cards/payment/revolving">
    	<method>get</method>
    	<command>#restCommonCmd</command>
    	<tran-id>UBD1001040</tran-id>
    	<attribute>body</attribute>
    </action>
    
	<action name="/cards/{card_id}/approval-domestic">
    	<method>get</method>
    	<command>#restCommonCmd</command>
    	<tran-id>UBD0100740</tran-id>
    	<attribute>body</attribute>
    </action>

    <action name="/cards/{card_id}/approval-overseas">
    	<method>get</method>
    	<command>#restCommonCmd</command>
    	<tran-id>UBD0100840</tran-id>
    	<attribute>body</attribute>
    </action>
</navigation>