<?xml version="1.0" encoding="utf-8"?>
    <core>
        
        <!-- ================================================================================================
        * 설    명 :
        * 관련소스 : devon.core.util.LConfigUtil.getEncoding()
        ================================================================================================== -->
        <encoding>UTF-8</encoding>
        
        <!-- ================================================================================================
        * 설    명 :
        * 관련소스 : devon.core.util.LDateUtils.getDate()
                     devon.core.util.LDateUtils.getHolidayInfo()
        ================================================================================================== -->
        <date>
            <format>yyyyMMdd</format>
            <holiday-path>#home/conf/product/holiday.conf</holiday-path>
            <holiday-encoding-type>UTF-8</holiday-encoding-type>
        </date>
        
        <!-- ================================================================================================
        * 설    명 :
        * 관련소스 : devon.core.util.crypto.LEncryptManager.getAlgorithm( String spec )
        ================================================================================================== -->
        <cryptos>
            <crypto name="AES">
                <key>
                    <!-- key 파일  -->
                    <filename>#home/security/keys.xml</filename>
                    <!-- key 파일에 정의된 key name -->
                    <keyname>AESX001</keyname>
                </key>
                <!-- 암호화 알고리즘 클래스  -->
                <algorithm>devon.core.util.crypto.LAlgorithmAES</algorithm>
            </crypto>
            
            <crypto name="3DES">
                <key>
                    <filename>#home/security/keys.xml</filename>
                    <keyname>3DES001</keyname>
                </key>
                <algorithm>devon.core.util.crypto.LAlgorithmTripleDES</algorithm>
           </crypto>
    
           <crypto name="ARIA">
                <key>
                    <filename>#home/security/keys.xml</filename>
                    <keyname>ARIA001</keyname>
                </key>
                <algorithm>devon.core.util.crypto.LAlgorithmARIA</algorithm>
           </crypto>
           <crypto name="SEED">
                <key>
                    <filename>#home/security/keys.xml</filename>
                    <keyname>SEED001</keyname>
                </key>
                <algorithm>devon.core.util.crypto.LAlgorithmSEED</algorithm>
            </crypto>
            
        </cryptos>
        
        <!-- ================================================================================================
        * 설    명 : Context Set 권한에 대한 설정
        * 관련소스 : devon.core.util.context.LContextManager
        ================================================================================================== -->
        <context>
            <context-used>true</context-used>
            <context-authority-checked>true</context-authority-checked>
            <context-settable-classes>com.kbcard.ubd.common*</context-settable-classes>
        </context>
        
        <!-- ================================================================================================
        * 설    명 : TraceLog 설정
        * 관련소스 : devon.core.log.trace.LTraceConfigManager
                     devon.core.log.trace.LTraceLayer
        ================================================================================================== -->
        <trace>
            <!-- ALL : 0, FORCED : 1, NOTHING : 2 -->
            <mode>0</mode>
            <layers>
                <layer name="chi">true</layer>
                <layer name="biz">true</layer>
                <layer name="per">true</layer>
            </layers>
            <data-type>
                <input>true</input>
                <output>true</output>
                <query>true</query>
            </data-type>
            <checker>
                <used>true</used>
                <class>devonenterprise.core.log.trace.TraceChecker</class>
            </checker>
            <error>
                <exceptions>java.lang.Throwable</exceptions>
                <checker>
                    <used>true</used>
                    <class>devonenterprise.core.log.trace.TraceErrorChecker</class>
                </checker>
            </error>
        </trace>
        
        <!-- ================================================================================================
        * 설    명 : Cache 설정
        * 관련소스 : devon.core.util.cache.LCacheManager
                     devon.core.util.cache.LCacheAdaptorFactory
                     devon.core.util.cache.LCacheAdaptorIF
                     devon.core.util.cache.base.LMapFactory
                     devon.core.util.cache.LCache
                     devonenterprise.service.cache.mediator.CacheMediator<K>
        ================================================================================================== -->
        <cache>
            <primes>
                167, 191, 223, 251, 281, 313, 349, 389, 433, 487,
                541, 601, 673, 751, 839, 937, 1049, 1171, 1301, 1447,
                1607, 1787, 1987, 2207, 2459, 2731, 3037, 3373, 3761, 4177,
                4637, 5153, 5737, 6373, 7079, 7867, 8737, 9719, 10789, 11981,
                13309, 14779, 16411, 18217, 20231, 22469, 24943, 27689, 30757, 34141,
                37897, 42071, 46703, 51853, 57557, 63901, 70937, 78779, 87473, 97103,
                107791, 119653, 132817, 147449, 163673, 181693, 201683, 223903, 248533, 275881,
                306239, 339943, 377339, 418849, 464923, 516077, 572867, 635891, 705841, 783487,
                869683, 965357, 1071563, 1189453, 1320301, 1465547, 1626763, 1805729, 2004377, 2224861,
                2469629, 2741303, 3042857, 3377579, 3749117, 4161527, 4619309, 5127433, 5691457, 6317527,
                7012469, 7783843, 8640109, 9590531, 10645507, 11816521, 13116343, 14559151, 16160663, 17938357,
                19911581, 22101889, 24533099, 27231751, 30227287, 33552293, 37243051, 41339843
            </primes>
            <!-- Base Cache 설정 -->
            <cache-adaptor>devon.core.util.cache.adaptor.LBaseCacheAdaptor</cache-adaptor>
            <spec name="code">
                <algorithm>FIFO</algorithm>
                <expired-time>-1</expired-time>
                <max-size>100000</max-size>
            </spec>
            <spec name="devicemachine">
                <algorithm>FIFO</algorithm>
                <expired-time>-1</expired-time>
                <max-size>100000</max-size>
            </spec>
            <spec name="label">
                <algorithm>FIFO</algorithm>
                <expired-time>-1</expired-time>
                <max-size>100000</max-size>
            </spec>
            <spec name="menu-access-control">
                <algorithm>FIFO</algorithm>
                <expired-time>-1</expired-time>
                <max-size>100000</max-size>
            </spec>
            <spec name="message">
                <algorithm>FIFO</algorithm>
                <expired-time>-1</expired-time>
                <max-size>100000</max-size>
            </spec>
            <spec name="nscreen">
                <algorithm>FIFO</algorithm>
                <expired-time>-1</expired-time>
                <max-size>100000</max-size>
            </spec>
            <spec name="screen-access-control">
                <algorithm>FIFO</algorithm>
                <expired-time>-1</expired-time>
                <max-size>100000</max-size>
            </spec>
            <spec name="transaction-access-control">
                <algorithm>FIFO</algorithm>
                <expired-time>-1</expired-time>
                <max-size>100000</max-size>
            </spec>
            <spec name="transaction-control">
                <algorithm>FIFO</algorithm>
                <expired-time>-1</expired-time>
                <max-size>100000</max-size>
            </spec>
            <spec name="transaction-business-parameter">
                <algorithm>FIFO</algorithm>
                <expired-time>-1</expired-time>
                <max-size>100000</max-size>
            </spec>
            <spec name="transaction-extension-parameter">
                <algorithm>FIFO</algorithm>
                <expired-time>-1</expired-time>
                <max-size>100000</max-size>
            </spec>
            <spec name="transaction-parameter">
                <algorithm>FIFO</algorithm>
                <expired-time>-1</expired-time>
                <max-size>100000</max-size>
            </spec>
            <spec name="transaction-validation">
                <algorithm>FIFO</algorithm>
                <expired-time>-1</expired-time>
                <max-size>100000</max-size>
            </spec>
            <spec name="transaction-web-parameter">
                <algorithm>FIFO</algorithm>
                <expired-time>-1</expired-time>
                <max-size>100000</max-size>
            </spec>
            <spec name="link-internal-parameter">
                <algorithm>FIFO</algorithm>
                <expired-time>-1</expired-time>
                <max-size>100000</max-size>
            </spec>
            <spec name="link-external-connection-parameter">
                <algorithm>FIFO</algorithm>
                <expired-time>-1</expired-time>
                <max-size>100000</max-size>
            </spec>
            <spec name="link-external-parameter">
                <algorithm>FIFO</algorithm>
                <expired-time>-1</expired-time>
                <max-size>100000</max-size>
            </spec>
            <spec name="iospec">
                <algorithm>FIFO</algorithm>
                <expired-time>-1</expired-time>
                <max-size>100000</max-size>
            </spec>
            <spec name="form-parameter">
                <algorithm>FIFO</algorithm>
                <expired-time>-1</expired-time>
                <max-size>100000</max-size>
            </spec>
            <spec name="sequence-spec">
                <algorithm>FIFO</algorithm>
                <expired-time>-1</expired-time>
                <max-size>100000</max-size>
            </spec>

            <!-- EH Cache 설정 
            <cache-adaptor>devon.core.util.cache.adaptor.LEhCacheAdaptor</cache-adaptor>
            <configuration-path>#home/cache/ehcache.xml</configuration-path>
            -->
        </cache>
        
        <!-- ================================================================================================
        * 설    명 : Log 설정
        * 관련소스 : devon.core.log.appender.LLogAppenderIF
                     devon.core.log.LLogger
                     devon.core.log.LLogFormatterIF
                     devon.core.log.LLogFactory
        ================================================================================================== -->
        <!-- LLog Component Setting -->
        <!-- Logger -->
        <log>
            <base-target>#home/logs</base-target>
            <character-set>UTF-8</character-set>
            <logger-checker>devonenterprise.core.log.LogChecker</logger-checker>
            
            <logger name="devon">
                <enabled>true</enabled>
                <appender-ref name="devonfile">true</appender-ref>
                <appender-ref name="console">true</appender-ref>
            </logger>
    
            <logger name="sys">
                <enabled>true</enabled>
                <appender-ref name="sysfile">true</appender-ref>
                <appender-ref name="console">true</appender-ref>
            </logger>
    
            <logger name="debug">
                <enabled>true</enabled>
                <appender-ref name="debugTarget">true</appender-ref>
                <appender-ref name="consoleTarget">true</appender-ref>
            </logger>
    
            <logger name="err">
                <enabled>true</enabled>
                <appender-ref name="errTarget">true</appender-ref>
                <appender-ref name="consoleTarget">true</appender-ref>
            </logger>
    
            <logger name="warn">
                <enabled>true</enabled>
                <appender-ref name="warnTarget">true</appender-ref>
                <appender-ref name="consoleTarget">true</appender-ref>
            </logger>
    
            <logger name="info">
                <enabled>true</enabled>
                <appender-ref name="infoTarget">true</appender-ref>
                <appender-ref name="consoleTarget">true</appender-ref>
            </logger>
    
            <logger name="dbwrap">
                <enabled>false</enabled>
                <appender-ref name="file">false</appender-ref>
                <appender-ref name="console">false</appender-ref>
            </logger>
    
            <logger name="trace">
                <enabled>true</enabled>
                <appender-ref name="traceTarget">true</appender-ref>
                <appender-ref name="consoleTarget">true</appender-ref>
            </logger>
    
            <logger name="security">
                <enabled>false</enabled>
                <appender-ref name="file">false</appender-ref>
                <appender-ref name="console">false</appender-ref>
            </logger>
    
            <!--
            <logger name="link">
                <enabled>false</enabled>
                <appender-ref name="file">true</appender-ref>
                <appender-ref name="console">true</appender-ref>
            </logger>
            -->
            
            <logger name="batinfo">
                <enabled>true</enabled>
                <appender-ref name="batinfoTarget">true</appender-ref>
                <appender-ref name="consoleTarget">true</appender-ref>
            </logger>
            
            <logger name="journal">
                <enabled>true</enabled>
                <appender-ref name="journalfile">true</appender-ref>
            </logger>
            
            <!-- Appender -->
            <appender name="file">
                <class>devon.core.log.appender.LFileAppender</class>
                <formatter>devon.core.log.LLogFileFormatter</formatter>
            </appender>
    
            <appender name="journalfile">
                <class>devonenterprise.log.appender.JournalFileAppenderWithCharacterSet</class>
                <formatter>devon.core.log.formatter.JournalLogFormatter</formatter>
                <target>#home/logs/journal</target>
                <file-date>10m</file-date>
            </appender>
    
            <appender name="devonfile">
                <class>devon.core.log.appender.FileNIOAppenderWithCharacterSet</class>
                <formatter>devon.core.log.formatter.DevonLogFormatter</formatter>
                <target>#home/logs/devon</target>
            </appender>
    
            <appender name="sysfile">
                <class>devon.core.log.appender.FileNIOAppenderWithCharacterSet</class>
                <formatter>devon.core.log.formatter.SysLogFormatter</formatter>
                <target>#home/logs/sys</target>
            </appender>
    
            <appender name="errTarget">
                <class>devon.core.log.appender.FileReuseAppenderWithCharacterSet</class>
                <formatter>devon.core.log.formatter.ErrLogFormatter</formatter>
                <target>#home/logs/trace</target>
            </appender>
    
            <appender name="warnTarget">
                <class>devon.core.log.appender.FileReuseAppenderWithCharacterSet</class>
                <formatter>devon.core.log.formatter.WarnLogFormatter</formatter>
                <target>#home/logs/trace</target>
            </appender>
    
            <appender name="infoTarget">
                <class>devon.core.log.appender.FileReuseAppenderWithCharacterSet</class>
                <formatter>devon.core.log.formatter.InfoLogFormatter</formatter>
                <target>#home/logs/trace</target>
            </appender>
    
            <appender name="debugTarget">
                <class>devon.core.log.appender.FileReuseAppenderWithCharacterSet</class>
                <formatter>devon.core.log.formatter.DebugLogFormatter</formatter>
                <target>#home/logs/trace</target>
            </appender>
    
            <appender name="traceTarget">
                <class>devon.core.log.appender.FileReuseAppenderWithCharacterSet</class>
                <formatter>devon.core.log.formatter.TraceLogFormatter</formatter>
                <target>#home/logs/trace</target>
            </appender>
    
            <appender name="consoleTarget">
                <class>devon.core.log.appender.ConsoleTargetAppender</class>
                <formatter>devon.core.log.formatter.ConsoleLogFormatter</formatter>
            </appender>
    
            <appender name="console">
                <class>devon.core.log.appender.LConsoleAppender</class>
                <formatter>devon.core.log.formatter.ConsoleLogFormatter</formatter>
            </appender>
            
            <appender name="batinfoTarget">
                <class>devon.core.log.appender.FileReuseAppenderWithCharacterSet</class>
                <formatter>devon.core.log.formatter.BatInfoLogFormatter</formatter>
                <target>#home/logs/trace</target>
            </appender>
            
        </log>
    </core>