<?xml version="1.0" encoding="UTF-8"?>
<navigation>
    <global>
    	<!--  exception 별 return 설정 -->
    	<error return="unknown">java.lang.Throwable</error>
    	<return name="unknown">/common/error/common.jsp</return>
    	<!-- restConverter를 이용하는 restStack -->
    	<interceptor>restStack</interceptor>
    	<!-- <return-handler>jsonext</return-handler> -->
    	<return-handler>json</return-handler>
    	<root-attribute>body</root-attribute>
    </global>
</navigation>