<?xml version="1.0" encoding="UTF-8"?>
<statements>
 
        
    <statement name="retvMerchantName"> 
        <![CDATA[  /* 해외가맹점명 조회 */
 SELECT /*+ 김민성::::/card/MyDtVovsAthHisEbc/retvLstMydtAthHis/retvMerchantName */ 
       A.해외가맹점명
     , A.승인도시명
  FROM INSTC.TBUBDI003 A /* TBGBHA802 A */
 WHERE A.회원일련번호 = ${회원일련번호}
   AND A.매출승인번호 = ${매출승인번호}
   AND A.승인년월일  = ${승인년월일}
   AND A.매출승인시각 = ${매출승인시각}
   AND ROWNUM = 1
             ]]>
    
    </statement>

    <statement name="retvSlipMerchantName"> 
        <![CDATA[  /* 국제전표 기본에서 해외가맹점명 조회 */
  SELECT /*+ 김민성::::/card/MyDtVovsAthHisEbc/retvLstMydtAthHis/retvSlipMerchantName */ 
       A.해외매출전표번호
     , A.국제거래유형구분코드
     , A.신용체크구분코드
     , A.INOUT구분코드
     , A.카드국제매출구분코드
     , A.매출전표종류구분코드
     , A.신용청구대상여부
     , A.카드브랜드구분코드
     , A.카드소유자구분코드
     , A.국제가상카드구분코드
     , A.가상카드번호
     , A.국제BIN번호
     , A.국제카드번호
     , A.카드식별자
     , A.고객식별자
     , A.고객관리번호
     , A.회원일련번호
     , A.CPD년월일
     , A.전표매출년월일
     , A.전표매입년월일
     , A.취소년월일
     , A.승인년월일
     , A.결제년월일
     , A.환급년월일
     , A.환율기준년월일
     , A.청구보류등록년월일
     , A.청구보류해제년월일
     , A.승인번호
     , A.ARN번호
     , A.신용전환전표번호
     , A.수납과잉금등록번호
     , A.수납과잉금일련번호
     , A.원해외매출전표번호
     , A.카드승인상태구분코드
     , A.국제민원번호
     , A.청구보류여부
     , A.청구보류사유구분코드
     , A.청구보류등록부점코드
     , A.체크매입승인금액불일치여부
     , A.체크카드매핑구분코드
     , A.체크매입입출금제외여부
     , A.전표취소환급구분코드
     , A.체크금일환급여부
     , A.K월드여부
     , A.국제체크입출금구분코드
     , A.국제매입환차보상여부
     , A.환차손익구분코드
     , A.현지통화미화전환기준내용
     , A.외화정산적용환율
     , A.외화정산적용환율회차
     , A.외화정산통화코드
     , A.외화정산금액
     , A.해외브랜드수수료
     , A.해외서비스수수료
     , A.해외매입현지금액
     , A.현지거래통화코드
     , A.청구보류매출금액
     , A.매입원화합계금액
     , A.매입원화금액
     , A.해외브랜드원화수수료
     , A.해외서비스원화수수료
     , A.CA수수료
     , A.매입미화합계금액
     , A.매입미화금액
     , A.해외브랜드미화수수료
     , A.해외서비스미화수수료
     , A.해외승인현지금액
     , A.승인원화합계금액
     , A.해외승인원화금액
     , A.승인해외브랜드원화수수료
     , A.승인해외서비스원화수수료
     , A.승인미화합계금액
     , A.해외승인미화금액
     , A.승인해외브랜드미화수수료
     , A.승인해외서비스미화수수료
     , A.계좌입출금현지금액
     , A.계좌입출금원화합계금액
     , A.계좌입출금원화금액
     , A.계좌입출금해외브랜드원화수수료
     , A.계좌입출금해외서비스원화수수료
     , A.계좌입출금미화합계금액
     , A.계좌입출금미화금액
     , A.계좌입출금해외브랜드미화수수료
     , A.계좌입출금해외서비스미화수수료
     , A.해외매출취소누적금액
     , A.해외매출미지급금액
     , A.국제매입환차보상금액
     , A.국제매입오류구분코드
     , A.회계처리결과구분코드
     , A.국제매입전표재매입여부
     , A.자동국제부도대상여부
     , A.국제전문처리오류구분코드
     , A.해외거래오류내용
     , A.거래취소정정사유구분코드
     , A.거래취소정정사유내용
     , A.영문도시명
     , A.국가코드
     , A.MCC업종코드
     , A.가맹점명
     , A.가맹점번호
     , A.KB국민은행계정처리번호
     , A.국제브랜드거래식별번호
     , A.IC카드거래고유번호
     , A.ATM거래고유번호
     , A.KBBC카드유효회원여부
     , A.해외전문추적번호
     , A.온라인거래여부
     , A.국제전문송수신년월일
     , A.국제전문파일구분코드
     , A.국제전문일련번호
     , A.입력부점코드
     , A.취소전표매핑여부
     , A.취소매핑구분코드
     , TO_CHAR(A.시스템최종갱신일시, 'YYYYMMDDHH24MISS') as 시스템최종갱신일시
     , A.시스템최종갱신식별자
     , A.시스템최종거래일시
  FROM INSTC.TBUBDH001 A        /* GBF국제전표기본 TBGBFB001*/
 WHERE A.해외매출전표번호 = ${해외매출전표번호}
   AND A.거래취소정정사유구분코드 IS NULL
             ]]>
    </statement>
    
    <statement name = "retvBcMerchantName">
            <![CDATA[  /* GBF_BC카드전표기본에서 해외가맹점명 조회 */
               SELECT  /*+ 김민성::::/card/MyDtVovsAthHisEbc/retvLstMydtAthHis/retvBcMerchantName */ 
       A.BC해외매출전표번호
     , A.매출전표접수년월일
     , A.입력부점코드
     , A.INOUT구분코드
     , A.고객식별자
     , A.고객관리번호
     , A.국제민원번호
     , A.BC카드매입전문상태내용
     , A.청구금액
     , A.CA수수료
     , A.BC카드해외서비스수수료
     , A.가맹점번호
     , A.국제전문처리오류구분코드
     , A.해외거래오류내용
     , A.승인번호
     , A.결제년월일
     , A.카드소유자구분코드
     , A.BC카드레코드구분코드
     , A.BC카드매입전문처리년월일
     , A.BC카드판매구분코드
     , A.국제카드번호
     , A.카드식별자
     , A.전표매출년월일
     , A.국가코드
     , A.BC카드매입부점번호
     , A.가맹점명
     , A.BC카드신용판매금액
     , A.BC카드신용판매수수료
     , A.BC카드CA금액
     , A.BC카드CA수수료
     , A.BC카드매입합계금액
     , A.BC카드외화정산적용환율
     , A.입출금년월일
     , A.BC카드매입리버설여부
     , A.거래금액
     , A.현지거래통화코드
     , A.BC카드매입일련번호
     , A.ONUS여부
     , A.ARN번호
     , A.리볼빙대상여부
     , A.BC카드리볼빙번호
     , A.해외매입현지금액
     , A.BC카드가맹점도시명
     , A.MCC업종코드
     , A.해외승인번호
     , A.승인년월일
     , A.BC카드국외이용수수료금액
     , A.CA해외서비스수수료
     , A.카드브랜드구분코드
     , A.BC카드청구이용번호
     , A.가상카드번호
     , A.정부구매카드매출여부
     , A.국제전문접수년월일
     , A.거래취소정정사유구분코드
     , A.거래취소정정사유내용
     , A.회계처리결과구분코드
     , TO_CHAR(A.시스템최종갱신일시, 'YYYYMMDDHH24MISS') as 시스템최종갱신일시
     , A.시스템최종갱신식별자
     , A.시스템최종거래일시
  FROM INSTC.TBGBFB401 A        /* GBF_BC카드전표기본 */
 WHERE A.BC해외매출전표번호 = ${BC해외매출전표번호}
 
               ]]>
    </statement>
    
        <statement name="retvUsdAmt"> 
        <![CDATA[  /* GBF국제전표기본에서 미화 매입금액 조회 */
 SELECT /*+ 김민성::::/card/MyDtVovsAthHisEbc/retvLstMydtAthHis/retvUsdAmt */ 
       A.매입미화금액                                        미화매출금액_N15
     , A.해외브랜드미화수수료                             미화매출이용수수료_N15
     , A.해외서비스미화수수료                             미화매출건당수수료_N15
     ,(A.매입미화금액 + A.해외브랜드미화수수료) 미화매입금액_N15
  FROM INSTC.TBUBDH001  A  /* GBF국제전표기본 구  TBGBFB001 */
 WHERE A.해외매출전표번호 = ${해외매출전표번호}
   AND A.신용체크구분코드 = '2'

             ]]>
             </statement>
             
       <statement name="retvUsdAmt2"> 
        <![CDATA[  /* 매출전표상세에서 미화 매입금액 조회 */
 SELECT /*+ 김민성::::/card/MyDtVovsAthHisEbc/retvLstMydtAthHis/retvUsdAmt2 */ 
       A.회원일련번호
     , A.고유매출전표번호
     , A.미화이용금액
     , A.해외매입현지금액
     , A.ISO국가코드
     , A.현지거래통화코드
     , A.현지통화소수점이하수
     , A.가맹점소재지도시명
     , A.MCC업종코드
     , A.ARN번호
     , A.제휴기관전신환매도율
     , A.환율제휴기관구분코드
     , A.환율기준년월일
     , A.적용환율
     , A.외화정산통화코드
     , TO_CHAR(SYSTIMESTAMP, 'YYYYMMDDHH24MISS') as 시스템최초생성일시
     , A.시스템최초생성식별자
     , TO_CHAR(시스템최종갱신일시, 'YYYYMMDDHH24MISS') as 시스템최종갱신일시
     , A.시스템최종갱신식별자
     , A.시스템최종거래일시
  FROM INSTC.TBUBDG009 A /*TBGBCJ023 GBC매출전표상세*/
 WHERE A.회원일련번호   = ${회원일련번호}
   AND A.고유매출전표번호 = ${고유매출전표번호}
   AND A.테이블파티션구분번호 = SUBSTR(${회원일련번호}, 7,2)
             ]]>
             </statement>
</statements>