<?xml version="1.0" encoding="UTF-8"?>
<navigation>
    <action name="/employee/{querynum}">
    	<method>get</method>
    	<command>com.kbcard.frw.cmd.RetrieveEmployeeCmd</command>
    </action>
    
    <action name="/tranList/{tranId}">
    	<method>get</method>
    	<command>com.kbcard.frw.cmd.TranListCmd</command>
    </action>
    
    <action name="/CmmNtrkRcvCmd">
         <method>get</method>
         <!--  <command>com.kbcard.ube.cmd.CmmNtrkRcvCmd</command> -->
    </action>
    <!--  
    <action name="/CmmNtrkDmdCmd">
         <method>post</method>
         <command>com.kbcard.ube.cmd.CmmNtrkDmdCmd</command>
    </action>
    -->
    
    <action name="/CmmNtrkDmdCmd">
         <method>post</method>
         <command>#RestCommonCmd</command>
    </action>

	<action name="/TestCmd">
         <method>post</method>
         <command>#RestCommonCmd</command>
    </action>    
   
    <action name="/TestCmd2">
         <method>post</method>
         <command>#RestCommonCmd</command>
    </action>
    
    <action name="/TestCmd3">
         <method>post</method>
         <command>#RestCommonCmd</command>
    </action>
    <!-- <command>#RestCommonCmd</command> --> 
    
    <!-- 거래고유번호생성 -->
    <action name="/OpnbCdMgCpbcTest">
         <method>post</method>
         <command>#RestCommonCmd</command>
    </action>
    
</navigation>