<?xml version="1.0" encoding="UTF-8"?>
<navigation>
    <!-- 사용자계좌 등록 -->
    <action name="/regtUsrAcc">
         <method>post</method>
         <command>#restCommonCmd</command>
         <tran-id>UBF0300400</tran-id>
    </action>
    
    <!-- 계좌정보변경 -->
    <action name="/chngAccInf">
         <method>post</method>
         <command>#restCommonCmd</command>
         <tran-id>UBF0400412</tran-id>
    </action> 
    
    <!-- 계좌상세정보변경 -->
    <action name="/chngAccDtlInf">
         <method>post</method>
         <command>#restCommonCmd</command>
         <tran-id>UBF0400411</tran-id>
    </action>
    
    <!-- 채널별등록계좌목록조회 -->
    <action name="/retvChnPrRgAccCtg">
         <method>post</method>
         <command>#restCommonCmd</command>
         <tran-id>UBF0100440</tran-id>
    </action>
    
    <!-- 계좌해지 -->
    <action name="/closAcc">
         <method>post</method>
         <command>#restCommonCmd</command>
         <tran-id>UBF0300430</tran-id>
    </action>
    
    <!-- 채널별계좌정보목록조회 -->
    <action name="retvChnPrAccInfCtg">
         <method>post</method>
         <command>#restCommonCmd</command>
         <tran-id>UBF0100442</tran-id>
    </action>
    
    <!-- 계좌정보조회 -->
    <action name="retvAccInf">
         <method>post</method>
         <command>#restCommonCmd</command>
         <tran-id>UBF0100441</tran-id>
    </action>
    
    <!-- 등록계좌정보채널복사처리  -->
    <action name="prcRgAccInfChnCpy">
         <method>post</method>
         <command>#restCommonCmd</command>
         <tran-id>UBF0300401</tran-id>
    </action>
    
    <!-- 채널별통합계좌정보목록조회  -->
    <action name="retvChnPrIngAccInfCtg">
         <method>post</method>
         <command>#restCommonCmd</command>
         <tran-id>UBF0100443</tran-id>
    </action>    
</navigation>