<?xml version="1.0" encoding="UTF-8"?>
<navigation>    
    <!-- 출금이체한도 조회  -->
    <action name="/retvOdwTracLm">
         <method>get</method>
         <command>#restCommonCmd</command>
         <tran-id>UBF1010204</tran-id>
    </action>
    
    <!-- 수수료조회 -->
    <action name="/retvFee">
         <method>post</method>
         <command>#restCommonCmd</command>
         <tran-id>UBF1010202</tran-id>
    </action>
    
    <!-- 집계조회 -->
    <action name="/retvSmm">
         <method>post</method>
         <command>#restCommonCmd</command>
         <tran-id>UBF1010203</tran-id>
    </action>
    
    <!-- 참가기관상태조회 -->
    <action name="retvPtcpInsSts">
         <method>post</method>
         <command>#restCommonCmd</command>
         <tran-id>UBF1010201</tran-id>
    </action>
   
    <!-- 이상금융거래탐지내역조회 -->
    <action name="retvAbnFncTrDtcHis">
         <method>post</method>
         <command>#restCommonCmd</command>
         <tran-id>UBF1010205</tran-id>
    </action>
    
</navigation>