<?xml version="1.0" encoding="UTF-8"?>
<navigation>
    <!-- 오픈뱅킹무료거래내역등록 -->
    <action name="/regtTrHis">
         <method>post</method>
         <command>#restCommonCmd</command>
         <tran-id>UBF0300200</tran-id>
    </action>
    
    <!-- 무료거래잔여건수조회 -->
    <action name="/retvCfreTrRmgNcn">
         <method>post</method>
         <command>#restCommonCmd</command>
         <tran-id>UBF0100242</tran-id>
    </action>
    
     <!-- 무료거래내역목록조회 -->
    <action name="/retvCfreTrHisCtg">
         <method>post</method>
         <command>#restCommonCmd</command>
         <tran-id>UBF0100240</tran-id>
    </action>
    
     <!-- 무료거래내역상세조회 -->
    <action name="/retvCfreTrHisDtl">
         <method>post</method>
         <command>#restCommonCmd</command>
         <tran-id>UBF0100241</tran-id>
    </action>
    
</navigation>