<?xml version="1.0" encoding="UTF-8"?>
<navigation>
    <action name="/employee/{querynum}">
    	<method>get</method>
    	<command>com.kbcard.frw.cmd.RetrieveEmployeeCmd</command>
    </action>
    
    <action name="/tranList/{tranId}">
    	<method>get</method>
    	<command>com.kbcard.frw.cmd.TranListCmd</command>
    </action>
    
    <action name="/CmmNtrkRcvCmd">
         <method>get</method>
         <!--  <command>com.kbcard.ube.cmd.CmmNtrkRcvCmd</command> -->
    </action>
    <!--  
    <action name="/CmmNtrkDmdCmd">
         <method>post</method>
         <command>com.kbcard.ube.cmd.CmmNtrkDmdCmd</command>
    </action>
    -->
    <!-- 무료이용정책목록조회 -->
    <action name="/retvCfreUtzPlcyCtg">
         <method>post</method>
         <command>#restCommonCmd</command>
          <tran-id>UBF1010502</tran-id>
    </action>
    
    <!-- 무료이용정책상세조회 -->
    <action name="/retvCfreUtzPlcyDtl">
         <method>post</method>
         <command>#restCommonCmd</command>
         <tran-id>UBF1010503</tran-id>
    </action>
    
     <!-- 무료이용정책등록 -->
    <action name="/regtCfreUtzPlcy">
         <method>post</method>
         <command>#restCommonCmd</command>
         <tran-id>UBF1010501</tran-id>
    </action>
    
     <!-- 무료이용정책변경 -->
    <action name="/chngCfreUtzPlcy">
         <method>post</method>
         <command>#restCommonCmd</command>
         <tran-id>UBF1010504</tran-id>
    </action>
  
    
</navigation>