<?xml version="1.0" encoding="UTF-8"?>
<navigation>    
    <!-- 송금인정보조회 -->
    <action name="/retvRmtrInf">
         <method>post</method>
         <command>#restCommonCmd</command>
         <tran-id>UBF0100741</tran-id>
    </action>
    
    <!-- 계좌실명조회 -->
    <action name="/retvAccRlnm">
         <method>post</method>
         <command>#restCommonCmd</command>
         <tran-id>UBF0100740</tran-id>
    </action>
    
    <!-- 수취조회 -->
    <action name="/retvRcev">
         <method>post</method>
         <command>#restCommonCmd</command>
         <tran-id>UBF0100742</tran-id>
    </action>
    
</navigation>