<?xml version="1.0" encoding="UTF-8"?>
<navigation>    
    <!-- 입금계좌유효성조회 -->
    <action name="/retvMrvAccVld">
         <method>post</method>
         <command>#restCommonCmd</command>
         <tran-id>UBF0100843</tran-id>
    </action>
    
   <!-- 출금계좌유효성조회 -->
    <action name="/retvOdwAccVld">
         <method>post</method>
         <command>#restCommonCmd</command>
         <tran-id>UBF0100844</tran-id>
    </action>
    
    <!-- 입금요청처리 -->
    <action name="/prcMrvDmd">
         <method>post</method>
         <command>#restCommonCmd</command>
         <tran-id>UBF0600800</tran-id>
    </action>
    
    <!-- 출금요청처리 -->
    <action name="/prcOdwDmd">
         <method>post</method>
         <command>#restCommonCmd</command>
         <tran-id>UBF0700800</tran-id>
    </action>
    
    <!-- 이체결과조회 -->
    <action name="/retvTracRst">
         <method>post</method>
         <command>#restCommonCmd</command>
         <tran-id>UBF0100840</tran-id>
    </action>
    
    <!-- 자금반환청구등록 -->
    <action name="/regtFndsRtunBil">
         <method>post</method>
         <command>#restCommonCmd</command>
         <tran-id>UBF0300800</tran-id>
    </action>
    
    <!-- 자금반환결과조회 -->
    <action name="/retvFndsRtunRst">
         <method>post</method>
         <command>#restCommonCmd</command>
         <tran-id>UBF0100841</tran-id>
    </action>
    
    <!-- 최근입금이체이력조회 -->
    <action name="/retvLaMrvTracPhs">
         <method>post</method>
         <command>#restCommonCmd</command>
         <tran-id>UBF0100842</tran-id>
    </action>

</navigation>