<?xml version="1.0" encoding="UTF-8"?>
<navigation>
    <action name="/employee/{querynum}">
    	<method>get</method>
    	<command>com.kbcard.frw.cmd.RetrieveEmployeeCmd</command>
    </action>
    
    <action name="/tranList/{tranId}">
    	<method>get</method>
    	<command>com.kbcard.frw.cmd.TranListCmd</command>
    </action>
    
    <!-- 계좌통합조회 -->
    <action name="/retvAccIng">
         <method>post</method>
         <command>#restCommonCmd</command>
         <tran-id>UBF2030801</tran-id>
    </action>
    
    <!-- 카드통합조회 -->
    <action name="/retvCrdIng">
         <method>post</method>
         <command>#restCommonCmd</command>
         <tran-id>UBF2030802</tran-id>
    </action> 
    
</navigation>