<?xml version="1.0" encoding="UTF-8"?>
<navigation>    
    <!-- 계좌잔액조회 -->
    <action name="/retvAcnoPrBl">
         <method>post</method>
         <command>#restCommonCmd</command>
         <tran-id>UBF0100640</tran-id>
    </action>
    
    <!-- 고객보유계좌잔액조회 -->
    <action name="/retvAcnoPrWhlBl">
         <method>post</method>
         <command>#restCommonCmd</command>
         <tran-id>UBF0100641</tran-id>
    </action> 
    
    <!-- 거래내역조회 -->
    <action name="retvTrHis">
         <method>post</method>
         <command>#restCommonCmd</command>
         <tran-id>UBF0100642</tran-id>
    </action>
    
</navigation>