<?xml version="1.0" encoding="UTF-8"?>
<navigation>
    <!-- 계좌별이용동의조회 -->
    <action name="/retvAccPrUtzCns">
         <method>post</method>
         <command>#restCommonCmd</command>
         <tran-id>UBF0100141</tran-id> 
    </action>
  
    <!-- 오픈뱅킹이용동의조회 -->
    <action name="/retvUtzCns">
         <method>post</method>
         <command>#restCommonCmd</command>
         <tran-id>UBF0100140</tran-id> 
    </action> 
    
    <!-- 사용자계좌 이용동의 갱신 -->
    <action name="/chngUsrAccUtzCns">
         <method>post</method>
         <command>#restCommonCmd</command>
         <tran-id>UBF0400110</tran-id> 
    </action> 
    
     <!-- 카드사용자 이용동의 갱신 -->
    <action name="/chngCrdUsrUtzCns">
         <method>post</method>
         <command>#restCommonCmd</command>
         <tran-id>UBF0400111</tran-id> 
    </action> 
    
     <!-- 카드사별이용동의 조회 -->
    <action name="/retvCrdPrUtzCns">
         <method>post</method>
         <command>#restCommonCmd</command>
         <tran-id>UBF0100142</tran-id> 
    </action>
    
    <!-- 고객동의이력 목록 조회 -->
    <action name="/retvCstCnsHisCtg">
         <method>post</method>
         <command>#restCommonCmd</command>
         <tran-id>UBF0100143</tran-id> 
    </action>

</navigation>