<?xml version="1.0" encoding="UTF-8"?>
<ehcache xmlns:xsi="http://www.w3.org/2001/XMLSchema-instance"
 xsi:noNamespaceSchemaLocation="ehcache.xsd" updateCheck="false"
 monitoring="autodetect" dynamicConfig="true">

    <diskStore path="user.home"/>
    <!--
    <cacheManagerEventListenerFactory class="" properties=""/>
    <sizeOfPolicy maxDepth="10" maxDepthExceededBehavior="continue"/>
    <defaultCache
            maxElementsInMemory="10000"
            eternal="false"
            timeToIdleSeconds="90"
            timeToLiveSeconds="90"
            overflowToDisk="false"
            diskSpoolBufferSizeMB="30"
            maxElementsOnDisk="10000000"
            diskExpiryThreadIntervalSeconds="120"
            memoryStoreEvictionPolicy="LRU"
            >
            <persistence strategy="localTempSwap"/>
    </defaultCache>
    -->
    
    <sizeOfPolicy maxDepthExceededBehavior="abort"/>
    
    <!-- SCP Framework에서 전체적인 메모리를 관리하기 위해서 정의 반드시 있어야 함. -->
    <!-- Code와 관련된 EhcacheKey -->
    <cache name="code"
           eternal="true"
           overflowToDisk="false"
           maxBytesLocalHeap="1M"
           memoryStoreEvictionPolicy="LRU"
            />

    <cache name="devicemachine"
           eternal="true"
           overflowToDisk="false"
           maxBytesLocalHeap="1M"
           memoryStoreEvictionPolicy="LRU"
            />

    <!-- LabelService 와 관련된 EhcacheKey -->
    <cache name="label"
           eternal="true"
           overflowToDisk="false"
           maxBytesLocalHeap="1M"
           memoryStoreEvictionPolicy="LRU"
            />

    <!-- MenuAccCtrlService 와 관련된 EhcacheKey -->
    <cache name="menu-access-control"
           eternal="true"
           overflowToDisk="false"
           maxBytesLocalHeap="1M"
           memoryStoreEvictionPolicy="LRU"
            />

    <!-- MessageService 와 관련된 EhcacheKey -->
    <cache name="message"
           eternal="true"
           overflowToDisk="false"
           maxBytesLocalHeap="1M"
           memoryStoreEvictionPolicy="LRU"
            />

     <!-- NScreenService 와 관련된 EhcacheKey -->
    <cache name="nscreen"
           eternal="true"
           overflowToDisk="false"
           maxBytesLocalHeap="1M"
           memoryStoreEvictionPolicy="LRU"
            />

    <!-- ScreenAccCtrlService 와 관련된 EhcacheKey -->
    <cache name="screen-access-control"
           eternal="true"
           overflowToDisk="false"
           maxBytesLocalHeap="1M"
           memoryStoreEvictionPolicy="LRU"
            />

    <!-- TranAccCtrlService 와 관련된 EhcacheKey -->
    <cache name="transaction-access-control"
           eternal="true"
           overflowToDisk="false"
           maxBytesLocalHeap="10M"
           memoryStoreEvictionPolicy="LRU"
            />

     <!-- TranCtrlService 와 관련된 EhcacheKey -->
    <cache name="transaction-control"
           eternal="true"
           overflowToDisk="false"
           maxBytesLocalHeap="1M"
           memoryStoreEvictionPolicy="LRU"
        />
    
    <cache name="transaction-business-parameter"
       eternal="true"
       overflowToDisk="false"
       maxBytesLocalHeap="1M"
       memoryStoreEvictionPolicy="LRU"
        />

     <!-- TranCtrlService 와 관련된 EhcacheKey -->
    <cache name="transaction-extension-parameter"
           eternal="true"
           overflowToDisk="false"
           maxBytesLocalHeap="1M"
           memoryStoreEvictionPolicy="LRU"
            />

    <cache name="transaction-parameter"
           eternal="true"
           overflowToDisk="false"
           maxBytesLocalHeap="1M"
           memoryStoreEvictionPolicy="LRU"
            />

    <!-- TranValidateService 와 관련된 EhcacheKey -->
    <cache name="transaction-validation"
           eternal="true"
           overflowToDisk="false"
           maxBytesLocalHeap="1M"
           memoryStoreEvictionPolicy="LRU"
            />

    <cache name="transaction-web-parameter"
           eternal="true"
           overflowToDisk="false"
           maxBytesLocalHeap="1M"
           memoryStoreEvictionPolicy="LRU"
            />
            
    <cache name="link-internal-parameter"
           eternal="true"
           overflowToDisk="false"
           maxBytesLocalHeap="1M"
           memoryStoreEvictionPolicy="LRU"
            />
    
    <cache name="link-external-connection-parameter"
       eternal="true"
       overflowToDisk="false"
       maxBytesLocalHeap="1M"
       memoryStoreEvictionPolicy="LRU"
        />
        
    <cache name="link-external-parameter"
           eternal="true"
           overflowToDisk="false"
           maxBytesLocalHeap="1M"
           memoryStoreEvictionPolicy="LRU"
            />
    
    <cache name="iospec"
           eternal="true"
           overflowToDisk="false"
            maxBytesLocalHeap="1M"
           memoryStoreEvictionPolicy="LRU"
            />
            
    <cache name="form-parameter"
           eternal="true"
           overflowToDisk="false"
            maxBytesLocalHeap="1M"
           memoryStoreEvictionPolicy="LRU"
            />
            
    <cache name="sequence-spec"
           eternal="true"
           overflowToDisk="false"
            maxBytesLocalHeap="1M"
           memoryStoreEvictionPolicy="LRU"
            />
            
    <!-- Deferred 와 관련된 EhcacheKey -->
    <cache name="deferred-parameter"
           eternal="true"
           overflowToDisk="false"
           maxBytesLocalHeap="1M"
           memoryStoreEvictionPolicy="LRU"
            />
            
    <!-- 원장보정제외 와 관련된 EhcacheKey -->
    <cache name="preservation-exclude"
           eternal="true"
           overflowToDisk="false"
           maxBytesLocalHeap="1M"
           memoryStoreEvictionPolicy="LRU"
            />   
    
    <!-- Calendar 와 관련된 EhcacheKey -->
    <cache name="calendar-parameter"
           eternal="true"
           overflowToDisk="false"
           maxBytesLocalHeap="1M"
           memoryStoreEvictionPolicy="LRU"
            />         
</ehcache>