<?xml version="1.0" encoding="euc-kr"?>

<devon>
    <core>
        <src>#home/conf/devon-core.xml</src>
    </core>
    
    <framework>
        <src>#home/conf/products/devon-framework.xml</src>
    </framework>
    
    <enterprise>
        <src>#home/conf/products/devon-enterprise.xml</src>
    </enterprise>
    
    <extension>
        <src>#home/conf/products/devon-enterprise-extension.xml</src>
    </extension>
	
	<interface>
		<src>#home/conf/products/devon-interface.xml</src>
	</interface>
	
	<testing>
		<src>#home/conf/products/devon-testing.xml</src>
	</testing>
	
</devon>